{
  "coords": {
    "Sydney": [
      151.2099,
      -33.8651,
      0
    ],
    "Canberra": [
      149.128998,
      -35.282001,
      1
    ],
    "Ottawa": [
      -75.695000,
      45.424721,
      2
    ],
    "Riyadh": [
      46.738586,
      24.774265,
      3
    ],
    "Washington, D.C.": [
      -77.03637,
      38.89511,
      4
    ],
    "New Delhi": [
      77.216721,
      28.644800,
      5
    ],
    "Moscow": [
      37.618423,
      55.751244,
      6
    ],
    "Cape Town": [
      18.423300,
      -33.918861,
      7
    ],
    "Ankara": [
      32.866287,
      39.925533,
      8
    ],
    "Buenos Aires": [
      -58.381592,
      -34.603722,
      9
    ],
    "Brasília": [
      -47.882778,
      -15.793889,
      10
    ],
    "Mexico City": [
      -99.133209,
      19.432608,
      11
    ],
    "Paris": [
      2.349014,
      48.864716,
      12
    ],
    "Berlin": [
      13.404954,
      52.520008,
      13
    ],
    "Rome": [
      12.496366,
      41.902782,
      14
    ],
    "London": [
      -0.118092,
      51.509865,
      15
    ],
    "Beijing": [
      116.383331,
      39.916668,
      16
    ],
    "Jakarta": [
      106.816666,
      -6.200000,
      17
    ],
    "Tokyo": [
      139.839478,
      35.652832,
      18
    ],
    "Seoul": [
      127.024612,
      37.532600,
      19
    ],
    "Brussels": [
      4.34878,
      50.85045,
      20
    ]
  },
  "plate-ids": {
    "SETON2012": [
      [
        801,
        801,
        101,
        503,
        101,
        501,
        301,
        701,
        521,
        202,
        201,
        215,
        331,
        330,
        333,
        331,
        601,
        673,
        629,
        601,
        331
      ]
    ],
    "MERDITH2021": [
      [
        801,
        801,
        101,
        503,
        101,
        501,
        302,
        77032,
        521,
        22041,
        206,
        215,
        305,
        315,
        307,
        315,
        601,
        657,
        629,
        601,
        315
      ]
    ],
    "MULLER2019": [
      801,
      801,
      101,
      503,
      101,
      501,
      302,
      701,
      521,
      202,
      201,
      215,
      305,
      315,
      3071,
      315,
      601,
      657,
      629,
      601,
      315
    ],
    "MATTHEWS2016_mantle_ref": [
      801,
      801,
      101,
      503,
      101,
      501,
      302,
      701,
      521,
      202,
      201,
      215,
      305,
      315,
      307,
      315,
      601,
      657,
      629,
      601,
      315
    ]
  },
  "standby": {
    "Melbourne": [
      144.9465,
      -37.8409,
      -1
    ],
    "Perth": [
      115.8613,
      -31.9523,
      -1
    ],
    "Darwin": [
      130.8444,
      -12.4637,
      -1
    ],
    "Adelaide": [
      138.6007,
      -34.9285,
      -1
    ]
  },
  "get-pid": "https://gws.gplates.org/reconstruct/assign_points_plate_ids?points=151.2099,-33.8651,149.128998,-35.282001,-75.695000,45.424721,46.738586,24.774265,-77.03637,38.89511,77.216721,28.644800,37.618423,55.751244,18.423300,-33.918861,32.866287,39.925533,-58.381592,-34.603722,-47.882778,-15.793889,-99.133209,19.432608,2.349014,48.864716,13.404954,52.520008,12.496366,41.902782,-0.118092,51.509865,116.383331,39.916668,106.816666,-6.200000,139.839478,35.652832,127.024612,37.532600,4.34878,50.85045&model=MATTHEWS2016_mantle_ref"
}