{
  "Sydney": [151.2099, -33.8651],
  "Melbourne": [144.9465, -37.8409],
  "Ottawa": [-75.695, 45.424721],
  "Riyadh": [46.738586, 24.774265],
  "Washington, D.C.": [-77.03637, 38.89511],
  "New Delhi": [77.216721, 28.6448],
  "Moscow": [37.618423, 55.751244],
  "Cape Town": [18.4233, -33.918861],
  "Ankara": [32.866287, 39.925533],
  "Buenos Aires": [-58.381592, -34.603722],
  "Bras\u00edlia": [-47.882778, -15.793889],
  "Mexico City": [-99.133209, 19.432608],
  "Paris": [2.349014, 48.864716],
  "Berlin": [13.404954, 52.520008],
  "Rome": [12.496366, 41.902782],
  "London": [-0.118092, 51.509865],
  "Beijing": [116.383331, 39.916668],
  "Jakarta": [106.816666, -6.2],
  "Tokyo": [139.839478, 35.652832],
  "Seoul": [127.024612, 37.5326],
  "Brussels": [4.34878, 50.85045],
  "Perth": [115.8613, -31.9523],
  "Darwin": [130.8444, -12.4637],
  "Adelaide": [138.6007, -34.9285],
  "Brisbane": [153.02809, -27.46794],
  "Wellington": [174.777969, -41.276825],
  "Qingdao": [120.382698, 36.066898],
  "Hong Kong": [114.177216, 22.302711],
  "Taipei": [121.597366, 25.105497],
  "Hanoi": [105.804817, 21.028511],
  "Bangkok": [100.523186, 13.736717],
  "Manila": [120.9822, 14.6042],
  "Kuala Lumpur": [101.693207, 3.140853],
  "Port Moresby": [147.17972, -9.44314],
  "Shanghai": [121.522179, 31.267401]
}
